City_ID,City,Lat,Lng,Max Temp,Humidity,Cloudiness,Wind Speed,Country,Date,Description
0,Dikson,73.5069,80.5464,6.93,91,100,16.26,RU,2021-10-30 21:07:25,overcast clouds
1,Punta Arenas,-53.15,-70.9167,53.11,40,59,7.45,CL,2021-10-30 21:00:37,broken clouds
2,Hambantota,6.1241,81.1185,78.51,84,79,3.11,LK,2021-10-30 21:07:26,broken clouds
3,Ixtapa,20.7,-105.2,85.23,81,43,5.99,MX,2021-10-30 21:07:26,scattered clouds
4,San Carlos De Bariloche,-41.1456,-71.3082,62.35,14,0,17.27,AR,2021-10-30 21:04:19,clear sky
5,Pevek,69.7008,170.3133,-3.24,96,100,10.49,RU,2021-10-30 21:07:27,overcast clouds
6,Busselton,-33.65,115.3333,43.05,90,92,5.73,AU,2021-10-30 21:07:27,overcast clouds
7,Vaini,-21.2,-175.2,75.22,77,9,16.24,TO,2021-10-30 21:07:00,clear sky
8,Kodiak,57.79,-152.4072,47.71,81,90,34.52,US,2021-10-30 21:04:51,light rain
9,Saskylakh,71.9167,114.0833,9.75,93,100,11.63,RU,2021-10-30 21:07:29,overcast clouds
10,Maningrida,-12.0667,134.2667,79.93,76,97,4.74,AU,2021-10-30 21:07:29,overcast clouds
11,New Norfolk,-42.7826,147.0587,55.92,58,85,3.0,AU,2021-10-30 21:00:38,overcast clouds
12,Taguatinga,-12.3857,-46.5711,82.22,53,81,3.58,BR,2021-10-30 21:07:30,broken clouds
13,Celestun,20.8667,-90.4,79.29,53,22,10.47,MX,2021-10-30 21:07:30,few clouds
14,Hilo,19.7297,-155.09,80.33,73,1,8.05,US,2021-10-30 21:07:31,clear sky
15,Nanakuli,21.3906,-158.1547,85.37,51,20,4.61,US,2021-10-30 21:07:31,few clouds
16,Mataura,-46.1927,168.8643,57.43,57,100,12.01,NZ,2021-10-30 21:00:27,overcast clouds
17,Anloga,5.7947,0.8973,81.79,80,59,11.9,GH,2021-10-30 21:07:32,broken clouds
18,Raudeberg,61.9875,5.1352,51.87,61,100,10.0,NO,2021-10-30 21:07:32,light rain
19,Barrow,71.2906,-156.7887,17.62,79,90,0.0,US,2021-10-30 21:00:32,overcast clouds
20,Zhangjiakou,40.81,114.8794,39.4,62,8,7.96,CN,2021-10-30 21:07:33,clear sky
21,Ilulissat,69.2167,-51.1,37.42,65,20,16.11,GL,2021-10-30 21:07:33,few clouds
22,Hithadhoo,-0.6,73.0833,83.08,74,100,19.35,MV,2021-10-30 21:00:31,light rain
23,Bambous Virieux,-20.3428,57.7575,70.21,77,32,6.06,MU,2021-10-30 21:07:34,scattered clouds
24,Castro,-24.7911,-50.0119,64.35,90,82,10.18,BR,2021-10-30 21:07:34,broken clouds
25,Rikitea,-23.1203,-134.9692,75.02,85,73,21.88,PF,2021-10-30 21:00:33,light rain
26,Lithakia,37.7167,20.8333,63.59,63,11,7.76,GR,2021-10-30 21:07:35,few clouds
27,Inongo,-1.95,18.2667,72.95,85,51,3.6,CD,2021-10-30 21:07:35,broken clouds
28,Albany,42.6001,-73.9662,58.46,89,91,3.0,US,2021-10-30 21:07:35,overcast clouds
29,Umarkot,25.3616,69.7362,76.42,23,7,7.23,PK,2021-10-30 21:07:36,clear sky
30,Chuy,-33.6971,-53.4616,69.15,80,84,13.71,UY,2021-10-30 21:07:36,broken clouds
31,Boa Vista,2.8197,-60.6733,93.18,43,40,9.22,BR,2021-10-30 21:07:37,scattered clouds
32,Veraval,20.9,70.3667,76.41,44,93,9.69,IN,2021-10-30 21:07:37,overcast clouds
33,Palu,-0.8917,119.8707,74.61,96,100,2.04,ID,2021-10-30 21:07:38,overcast clouds
34,Bluff,-46.6,168.3333,52.92,85,93,22.17,NZ,2021-10-30 20:57:30,light rain
35,Kahului,20.8947,-156.47,85.26,63,20,12.66,US,2021-10-30 21:07:06,few clouds
36,Tigil,57.8,158.6667,26.87,97,100,4.29,RU,2021-10-30 21:07:39,light snow
37,Yellowknife,62.456,-114.3525,30.56,85,95,8.01,CA,2021-10-30 21:07:39,overcast clouds
38,Matadi,-5.8167,13.45,78.58,86,74,6.98,CD,2021-10-30 21:07:40,broken clouds
39,Mar Del Plata,-38.0023,-57.5575,62.1,82,75,3.0,AR,2021-10-30 21:07:41,broken clouds
40,Tuktoyaktuk,69.4541,-133.0374,16.95,89,77,8.72,CA,2021-10-30 21:03:16,broken clouds
41,Bilibino,68.0546,166.4372,-9.42,100,100,1.57,RU,2021-10-30 21:07:41,overcast clouds
42,Lebu,-37.6167,-73.65,55.06,73,100,15.05,CL,2021-10-30 21:07:42,overcast clouds
43,Port Augusta,-32.5,137.7667,55.71,51,100,4.29,AU,2021-10-30 21:07:42,overcast clouds
44,Enumclaw,47.2043,-121.9915,54.81,57,0,3.58,US,2021-10-30 21:07:43,clear sky
45,Ushuaia,-54.8,-68.3,55.06,41,13,3.87,AR,2021-10-30 21:00:35,few clouds
46,Port Hardy,50.6996,-127.4199,45.43,53,63,4.83,CA,2021-10-30 21:07:43,broken clouds
47,Tasiilaq,65.6145,-37.6368,26.76,64,88,5.88,GL,2021-10-30 21:03:12,overcast clouds
48,Taybad,34.74,60.7756,56.97,30,8,10.27,IR,2021-10-30 21:07:44,clear sky
49,Brigantine,39.4101,-74.3646,64.45,89,40,8.05,US,2021-10-30 21:07:44,scattered clouds
50,Souillac,-20.5167,57.5167,70.36,78,25,3.02,MU,2021-10-30 21:07:45,scattered clouds
51,Cape Town,-33.9258,18.4232,63.09,77,71,1.01,ZA,2021-10-30 21:03:22,broken clouds
52,Yarmouth,41.7057,-70.2286,63.14,92,90,8.99,US,2021-10-30 21:07:45,overcast clouds
53,Codrington,-38.2667,141.9667,45.77,88,3,8.16,AU,2021-10-30 21:07:46,clear sky
54,Vestmannaeyjar,63.4427,-20.2734,43.57,77,83,5.46,IS,2021-10-30 21:07:46,broken clouds
55,Olafsvik,64.8945,-23.7142,43.29,90,73,20.49,IS,2021-10-30 21:01:43,broken clouds
56,Hildburghausen,50.4255,10.7318,55.17,84,99,6.11,DE,2021-10-30 21:07:47,overcast clouds
57,Fort Nelson,58.8053,-122.7002,41.83,32,7,3.29,CA,2021-10-30 21:07:47,clear sky
58,Port Blair,11.6667,92.75,80.38,81,99,2.35,IN,2021-10-30 21:07:47,overcast clouds
59,Kaitangata,-46.2817,169.8464,58.05,57,100,5.86,NZ,2021-10-30 21:07:48,overcast clouds
60,Georgetown,5.4112,100.3354,77.9,92,20,0.0,MY,2021-10-30 21:07:48,few clouds
61,Coquimbo,-29.9533,-71.3436,60.53,77,20,8.05,CL,2021-10-30 21:07:23,few clouds
62,Puerto Ayora,-0.7393,-90.3518,78.76,81,94,9.22,EC,2021-10-30 21:07:49,overcast clouds
63,Jamestown,42.097,-79.2353,56.52,85,90,3.0,US,2021-10-30 21:06:46,overcast clouds
64,San Patricio,28.017,-97.5169,86.41,17,0,2.17,US,2021-10-30 21:07:50,clear sky
65,Egvekinot,66.3167,-179.1667,0.5,90,100,10.78,RU,2021-10-30 21:07:50,overcast clouds
66,Jardim,-21.4803,-56.1381,76.5,81,86,4.7,BR,2021-10-30 21:07:50,overcast clouds
67,Manavalakurichi,8.1333,77.3,78.89,92,100,4.41,IN,2021-10-30 21:07:51,overcast clouds
68,Belle Fourche,44.6714,-103.8522,46.51,72,100,14.2,US,2021-10-30 21:07:51,overcast clouds
69,Enshi,30.3,109.4833,57.42,89,90,0.38,CN,2021-10-30 21:07:52,overcast clouds
70,Hobart,-42.8794,147.3294,56.26,62,75,4.0,AU,2021-10-30 21:00:28,broken clouds
71,Kasongo-Lunda,-6.4667,16.8167,70.97,96,100,0.74,CD,2021-10-30 21:07:52,overcast clouds
72,Esperance,-33.8667,121.9,56.21,69,13,14.83,AU,2021-10-30 21:07:53,few clouds
73,Lewiston,44.1003,-70.2148,54.23,98,90,8.05,US,2021-10-30 21:07:54,mist
74,Samarai,-10.6167,150.6667,82.72,79,99,13.67,PG,2021-10-30 21:07:54,overcast clouds
75,Port Elizabeth,-33.918,25.5701,57.09,93,4,3.42,ZA,2021-10-30 21:07:55,clear sky
76,Qaanaaq,77.484,-69.3632,2.01,54,0,8.72,GL,2021-10-30 21:07:55,clear sky
77,Faanui,-16.4833,-151.75,78.13,69,15,16.46,PF,2021-10-30 21:07:55,few clouds
78,Wum,6.3833,10.0667,65.23,93,75,2.62,CM,2021-10-30 21:07:56,light rain
79,Bras-Panon,-20.9967,55.6782,71.22,82,55,3.67,RE,2021-10-30 21:07:56,broken clouds
80,Maragogi,-9.0122,-35.2225,77.02,73,0,10.29,BR,2021-10-30 21:07:57,clear sky
81,Katra,32.9833,74.95,55.71,38,0,9.01,IN,2021-10-30 21:07:57,clear sky
82,Kingsport,36.5484,-82.5618,55.26,93,90,1.01,US,2021-10-30 21:04:53,mist
83,Ponta Do Sol,32.6667,-17.1,72.72,76,31,6.96,PT,2021-10-30 20:56:20,scattered clouds
84,Saint-Ambroise,48.5501,-71.3324,49.59,61,82,9.64,CA,2021-10-30 21:07:58,broken clouds
85,Carmo Do Paranaiba,-19.0008,-46.3161,71.44,69,99,3.96,BR,2021-10-30 21:07:59,overcast clouds
86,Tuatapere,-46.1333,167.6833,49.62,95,100,16.4,NZ,2021-10-30 21:07:59,overcast clouds
87,Port Macquarie,-31.4333,152.9167,58.96,76,100,8.16,AU,2021-10-30 21:08:00,overcast clouds
88,Nicoya,10.1483,-85.452,76.55,86,99,2.42,CR,2021-10-30 21:08:00,overcast clouds
89,Mahebourg,-20.4081,57.7,70.25,77,25,4.88,MU,2021-10-30 21:08:01,scattered clouds
90,Pisco,-13.7,-76.2167,66.25,77,0,9.22,PE,2021-10-30 21:08:01,clear sky
91,Arraial Do Cabo,-22.9661,-42.0278,73.26,83,75,10.36,BR,2021-10-30 20:58:23,mist
92,Sobolevo,54.4299,31.8996,42.85,80,17,9.37,RU,2021-10-30 21:08:02,few clouds
93,Pangkalanbuun,-2.6833,111.6167,74.28,96,100,2.26,ID,2021-10-30 21:06:30,overcast clouds
94,Okha,53.5739,142.9478,29.26,61,100,16.96,RU,2021-10-30 21:08:03,overcast clouds
95,Laguna,38.421,-121.4238,75.24,71,1,1.01,US,2021-10-30 21:08:03,clear sky
96,Campbell River,50.0163,-125.2446,48.25,58,1,1.99,CA,2021-10-30 21:08:04,clear sky
97,Airai,-8.9266,125.4092,61.43,91,32,1.16,TL,2021-10-30 21:08:04,scattered clouds
98,Sola,-13.8833,167.55,81.05,69,3,16.82,VU,2021-10-30 21:08:04,clear sky
99,Ribeira Grande,38.5167,-28.7,70.74,89,100,16.37,PT,2021-10-30 21:08:05,overcast clouds
100,Saint-Philippe,-21.3585,55.7679,71.15,79,86,3.85,RE,2021-10-30 21:08:05,overcast clouds
101,Port Alfred,-33.5906,26.891,64.94,86,79,6.49,ZA,2021-10-30 21:01:43,broken clouds
102,Caravelas,-17.7125,-39.2481,74.17,85,93,6.62,BR,2021-10-30 21:08:06,overcast clouds
103,Tezu,27.9167,96.1667,66.99,49,38,3.36,IN,2021-10-30 21:08:06,scattered clouds
104,Guozhen,34.3659,107.359,55.81,89,100,5.75,CN,2021-10-30 21:08:06,light rain
105,Iqaluit,63.7506,-68.5145,36.7,64,100,15.99,CA,2021-10-30 21:08:07,overcast clouds
106,Acari,-15.4311,-74.6158,77.38,54,9,8.25,PE,2021-10-30 21:08:07,clear sky
107,Ilhabela,-23.7781,-45.3581,69.82,92,97,12.68,BR,2021-10-30 21:08:08,overcast clouds
108,Padang,-0.9492,100.3543,77.36,90,100,2.98,ID,2021-10-30 21:08:08,heavy intensity rain
109,Dengfeng,34.4553,113.0281,58.95,61,78,3.27,CN,2021-10-30 21:08:09,broken clouds
110,Flinders,-34.5833,150.8552,55.8,83,0,1.01,AU,2021-10-30 21:08:10,clear sky
111,Natal,-5.795,-35.2094,81.25,69,20,12.66,BR,2021-10-30 21:03:53,few clouds
112,Belmonte,-15.8631,-38.8828,77.5,81,95,6.89,BR,2021-10-30 21:08:10,overcast clouds
113,Shieli,44.1667,66.75,41.94,53,22,7.83,KZ,2021-10-30 21:08:11,few clouds
114,Cherdyn,60.403,56.4787,28.6,97,100,1.36,RU,2021-10-30 21:08:11,overcast clouds
115,Ca Mau,9.1769,105.15,76.17,96,93,4.63,VN,2021-10-30 21:08:11,overcast clouds
116,Isangel,-19.55,169.2667,79.07,70,0,4.54,VU,2021-10-30 21:08:12,clear sky
117,Saint George,37.1041,-113.5841,82.87,32,1,3.0,US,2021-10-30 21:04:12,clear sky
118,Beloha,-25.1667,45.05,67.55,82,38,11.68,MG,2021-10-30 21:07:19,scattered clouds
119,Kavieng,-2.5744,150.7967,82.65,77,50,12.86,PG,2021-10-30 20:56:01,light rain
120,Sao Filipe,14.8961,-24.4956,79.9,75,78,11.74,CV,2021-10-30 21:08:13,broken clouds
121,Estelle,29.8458,-90.1067,70.05,59,1,3.0,US,2021-10-30 21:08:13,clear sky
122,Chokurdakh,70.6333,147.9167,1.13,97,100,5.77,RU,2021-10-30 21:08:13,overcast clouds
123,Prince Rupert,54.3161,-130.3201,47.71,51,85,2.33,CA,2021-10-30 21:04:34,overcast clouds
124,Nikolskoye,59.7035,30.7861,47.01,92,97,7.63,RU,2021-10-30 21:08:14,overcast clouds
125,Berasia,23.6333,77.4333,63.07,54,40,2.3,IN,2021-10-30 21:08:15,scattered clouds
126,Bethel,41.3712,-73.414,60.37,90,75,4.61,US,2021-10-30 21:07:54,broken clouds
127,Amargosa,-13.0303,-39.6047,72.01,78,66,8.57,BR,2021-10-30 21:07:50,broken clouds
128,East London,-33.0153,27.9116,64.81,85,80,7.4,ZA,2021-10-30 20:55:48,broken clouds
129,Torbay,47.6666,-52.7314,43.68,77,0,8.93,CA,2021-10-30 21:08:17,clear sky
130,Varzea Da Palma,-17.5981,-44.7308,75.78,67,80,5.82,BR,2021-10-30 21:08:17,broken clouds
131,Bengkulu,-3.8004,102.2655,75.81,90,100,4.63,ID,2021-10-30 21:08:18,overcast clouds
132,Moron,-34.6534,-58.6198,89.02,51,0,4.0,AR,2021-10-30 21:08:18,clear sky
133,Cherskiy,68.75,161.3,-0.96,98,100,5.77,RU,2021-10-30 21:08:18,overcast clouds
134,Svetlogorsk,52.6333,29.7333,43.63,76,35,9.55,BY,2021-10-30 21:08:19,scattered clouds
135,Howard Springs,-12.497,131.047,80.51,96,74,3.56,AU,2021-10-30 21:08:19,broken clouds
136,Hermanus,-34.4187,19.2345,61.9,85,75,8.46,ZA,2021-10-30 20:56:17,broken clouds
137,Labuhan,-6.8844,112.2051,79.65,83,88,4.38,ID,2021-10-30 21:08:20,overcast clouds
138,Avarua,-21.2078,-159.775,75.25,60,20,13.8,CK,2021-10-30 21:08:21,few clouds
139,Saint Anthony,45.0205,-93.218,61.18,54,1,1.01,US,2021-10-30 21:08:21,clear sky
140,Cidreira,-30.1811,-50.2056,68.47,86,28,22.84,BR,2021-10-30 20:59:30,scattered clouds
141,Pangnirtung,66.1451,-65.7125,33.1,99,100,8.84,CA,2021-10-30 21:08:22,snow
142,Chernyshevskiy,63.0128,112.4714,28.4,97,100,9.73,RU,2021-10-30 21:08:22,light snow
143,Te Anau,-45.4167,167.7167,47.35,94,100,4.14,NZ,2021-10-30 21:08:23,overcast clouds
144,Carnarvon,-24.8667,113.6333,64.47,72,0,14.97,AU,2021-10-30 21:08:23,clear sky
145,Bredasdorp,-34.5322,20.0403,58.28,96,67,4.09,ZA,2021-10-30 21:08:23,broken clouds
146,Kapaa,22.0752,-159.319,82.47,83,10,1.99,US,2021-10-30 20:56:42,clear sky
147,Nortelandia,-14.4547,-56.8028,89.73,47,70,2.37,BR,2021-10-30 21:08:24,broken clouds
148,Ancud,-41.8697,-73.8203,59.13,48,0,2.62,CL,2021-10-30 21:00:35,clear sky
149,Rio Grande,-32.035,-52.0986,75.31,82,73,19.91,BR,2021-10-30 21:08:25,broken clouds
150,Visnes,59.3556,5.2242,55.29,94,75,19.57,NO,2021-10-30 21:08:25,light rain
151,Goderich,43.7501,-81.7165,52.92,89,100,10.83,CA,2021-10-30 21:08:25,overcast clouds
152,Pierre,44.3683,-100.351,52.86,57,75,3.0,US,2021-10-30 21:05:43,broken clouds
153,Den Helder,52.9599,4.7593,55.38,83,90,10.0,NL,2021-10-30 21:03:47,overcast clouds
154,Alyangula,-13.8483,136.4192,81.0,78,63,5.14,AU,2021-10-30 21:06:58,broken clouds
155,Verkhoyansk,67.5447,133.385,-14.31,100,53,2.46,RU,2021-10-30 21:06:58,broken clouds
156,Yaan,7.3833,8.5667,77.86,78,99,4.79,NG,2021-10-30 21:08:28,overcast clouds
157,Strelka,58.0728,93.0344,26.44,60,98,7.94,RU,2021-10-30 21:08:28,overcast clouds
158,Mogadishu,2.0371,45.3438,79.03,79,18,14.25,SO,2021-10-30 21:08:28,few clouds
159,Alugan,12.2188,125.4808,81.05,77,100,17.05,PH,2021-10-30 21:08:29,overcast clouds
160,Lere,10.387,8.5726,73.31,31,100,2.57,NG,2021-10-30 21:08:29,overcast clouds
161,Victoria,22.2855,114.1577,75.33,83,97,1.01,HK,2021-10-30 21:06:12,overcast clouds
162,Parabel,58.6978,81.4825,24.26,72,100,7.58,RU,2021-10-30 21:08:30,overcast clouds
163,Coihaique,-45.5752,-72.0662,60.75,21,0,13.8,CL,2021-10-30 21:08:31,clear sky
164,Macau,22.2006,113.5461,75.07,83,40,13.8,MO,2021-10-30 21:06:03,scattered clouds
165,Provideniya,64.3833,-173.3,13.08,80,89,10.67,RU,2021-10-30 21:08:31,overcast clouds
166,Kanker,20.2719,81.4931,66.96,88,57,0.49,IN,2021-10-30 21:08:32,broken clouds
167,Los Llanos De Aridane,28.6585,-17.9182,65.95,75,0,4.0,ES,2021-10-30 21:08:32,clear sky
168,Aguimes,27.9054,-15.4461,66.83,70,20,11.5,ES,2021-10-30 21:08:32,few clouds
169,Kimbe,-5.5502,150.1429,79.39,84,30,3.58,PG,2021-10-30 21:08:34,scattered clouds
170,Hofn,64.2539,-15.2082,42.78,85,100,13.0,IS,2021-10-30 21:08:34,overcast clouds
171,Calatayud,41.3535,-1.6432,66.78,81,99,7.07,ES,2021-10-30 21:08:35,overcast clouds
172,Nemuro,43.3236,145.575,49.57,76,56,10.78,JP,2021-10-30 21:08:35,broken clouds
173,Harboore,56.6175,8.1807,53.22,88,100,22.79,DK,2021-10-30 21:08:36,overcast clouds
174,Buraydah,26.326,43.975,74.98,33,0,13.56,SA,2021-10-30 21:04:46,clear sky
175,Fiumicino,41.7675,12.2291,63.03,87,0,4.61,IT,2021-10-30 21:08:36,clear sky
176,Namibe,-15.1961,12.1522,68.2,72,82,7.74,AO,2021-10-30 21:08:37,broken clouds
177,Zomba,-15.386,35.3188,72.18,35,0,2.95,MW,2021-10-30 21:08:37,clear sky
178,Severo-Kurilsk,50.6789,156.125,40.5,86,78,11.41,RU,2021-10-30 21:08:37,broken clouds
179,Terra Boa,-23.7681,-52.4442,73.17,79,100,5.3,BR,2021-10-30 21:08:38,moderate rain
180,Fortuna,40.5982,-124.1573,64.36,67,20,1.99,US,2021-10-30 21:08:38,few clouds
181,San Cristobal,7.7669,-72.225,75.38,90,99,2.91,VE,2021-10-30 21:08:39,light rain
182,Cabo San Lucas,22.8909,-109.9124,89.51,61,20,14.97,MX,2021-10-30 21:08:39,few clouds
183,Biliran,11.4667,124.4753,77.4,89,98,7.61,PH,2021-10-30 21:08:40,overcast clouds
184,Grindavik,63.8424,-22.4338,37.87,93,0,8.05,IS,2021-10-30 21:08:40,clear sky
185,Hasaki,35.7333,140.8333,52.2,61,75,6.49,JP,2021-10-30 21:08:40,broken clouds
186,Komsomolskiy,40.4272,71.7189,49.71,46,100,1.74,UZ,2021-10-30 21:08:41,overcast clouds
187,Horsham,51.064,-0.3272,52.92,75,33,2.3,GB,2021-10-30 21:08:41,scattered clouds
188,Baie-Comeau,49.2168,-68.1489,48.09,72,55,5.73,CA,2021-10-30 21:08:42,broken clouds
189,Lagoa,39.05,-27.9833,69.46,91,100,21.47,PT,2021-10-30 21:08:42,overcast clouds
190,Longyearbyen,78.2186,15.6401,17.8,83,95,2.62,SJ,2021-10-30 21:08:43,overcast clouds
191,Soyaux,45.65,0.2,57.67,88,0,3.44,FR,2021-10-30 21:08:43,clear sky
192,Ambon,-3.6954,128.1814,81.23,74,73,2.66,ID,2021-10-30 21:08:43,broken clouds
193,Gombe,10.2897,11.1673,81.75,28,100,2.46,NG,2021-10-30 21:08:44,overcast clouds
194,Quatre Cocos,-20.2078,57.7625,70.09,78,38,7.27,MU,2021-10-30 21:08:44,scattered clouds
195,Richards Bay,-28.783,32.0377,63.21,86,70,7.34,ZA,2021-10-30 21:00:37,broken clouds
196,Nyurba,63.2842,118.3319,22.6,93,100,8.48,RU,2021-10-30 20:57:24,light snow
197,Butaritari,3.0707,172.7902,82.44,72,29,6.11,KI,2021-10-30 21:08:45,scattered clouds
198,Araouane,18.9048,-3.5265,87.64,20,89,11.52,ML,2021-10-30 21:08:46,overcast clouds
199,Atuona,-9.8,-139.0333,78.08,66,4,16.06,PF,2021-10-30 21:08:12,clear sky
200,Bud,39.447,-86.1758,56.7,87,100,10.13,US,2021-10-30 21:08:46,overcast clouds
201,Sitka,57.0531,-135.33,48.09,61,75,12.66,US,2021-10-30 21:08:47,broken clouds
202,Alihe,50.5667,123.7167,25.02,50,0,1.66,CN,2021-10-30 21:08:47,clear sky
203,Honningsvag,70.9821,25.9704,41.58,64,100,8.39,NO,2021-10-30 21:08:48,overcast clouds
204,Salalah,17.0151,54.0924,78.89,65,0,4.61,OM,2021-10-30 21:08:48,clear sky
205,Angouleme,45.65,0.15,58.03,88,0,3.44,FR,2021-10-30 21:08:49,clear sky
206,Eutin,54.1333,10.6167,53.78,80,100,14.07,DE,2021-10-30 21:08:49,overcast clouds
207,Socorro,31.6546,-106.3033,83.07,14,1,10.36,US,2021-10-30 21:08:50,clear sky
208,Beringovskiy,63.05,179.3167,5.79,97,97,17.85,RU,2021-10-30 21:08:50,overcast clouds
209,Hinton,53.4001,-117.5857,41.11,25,1,3.78,CA,2021-10-30 21:08:51,clear sky
210,Pedra,-8.4969,-36.9408,79.81,43,26,9.13,BR,2021-10-30 21:08:51,scattered clouds
211,Lorengau,-2.0226,147.2712,82.44,79,89,6.8,PG,2021-10-30 21:08:52,overcast clouds
212,Nacozari,25.3366,-108.2574,91.11,50,0,10.33,MX,2021-10-30 21:08:52,clear sky
213,Petropavlovsk-Kamchatskiy,53.0452,158.6483,28.99,74,40,4.47,RU,2021-10-30 21:08:53,scattered clouds
214,Claveria,18.6074,121.0832,76.59,81,79,11.18,PH,2021-10-30 21:08:53,broken clouds
215,Bathsheba,13.2167,-59.5167,83.01,69,40,13.8,BB,2021-10-30 21:08:54,scattered clouds
216,Hamilton,39.1834,-84.5333,57.42,94,90,1.01,US,2021-10-30 21:07:35,mist
217,Payson,40.0444,-111.7321,70.0,45,40,5.75,US,2021-10-30 21:04:49,scattered clouds
218,Obo,5.3998,26.4869,69.17,94,79,1.5,CF,2021-10-30 21:08:55,light rain
219,Terra Nova,-12.3667,-40.6667,77.43,56,18,8.61,BR,2021-10-30 21:07:51,few clouds
220,Praia,14.9215,-23.5087,77.54,83,0,10.36,CV,2021-10-30 21:08:55,clear sky
221,San Andres,12.5847,-81.7006,83.53,74,82,13.31,CO,2021-10-30 21:08:56,broken clouds
222,Thompson,55.7435,-97.8558,37.56,75,90,11.5,CA,2021-10-30 21:08:56,overcast clouds
223,Khatanga,71.9667,102.5,-6.5,100,73,2.19,RU,2021-10-30 21:08:56,broken clouds
224,Wuwei,37.9281,102.6414,38.97,43,1,0.98,CN,2021-10-30 21:08:57,clear sky
225,Teya,60.3778,92.6267,18.41,83,99,12.82,RU,2021-10-30 21:08:57,overcast clouds
226,Ouargaye,11.5033,0.0572,86.72,28,37,3.62,BF,2021-10-30 21:08:58,scattered clouds
227,Awjilah,29.1081,21.2869,68.05,48,0,4.61,LY,2021-10-30 21:08:58,clear sky
228,Turukhansk,65.8167,87.9833,15.12,94,99,9.69,RU,2021-10-30 21:08:59,overcast clouds
229,Cagmanaba,13.055,123.2971,78.76,75,91,6.08,PH,2021-10-30 21:08:59,overcast clouds
230,Kosh-Agach,50.0,88.6667,21.92,76,100,3.2,RU,2021-10-30 21:08:59,overcast clouds
231,Dingle,10.9995,122.6711,74.57,91,98,8.23,PH,2021-10-30 21:09:00,overcast clouds
232,Katherine,-14.4667,132.2667,80.92,74,40,2.3,AU,2021-10-30 21:09:00,scattered clouds
233,Na Wa,17.4897,104.1006,70.72,91,19,4.12,TH,2021-10-30 21:09:01,few clouds
234,Suclayin,15.7568,121.5503,74.25,91,76,3.31,PH,2021-10-30 21:09:01,broken clouds
235,Severo-Yeniseyskiy,60.3725,93.0408,14.65,83,100,13.15,RU,2021-10-30 21:09:02,overcast clouds
236,Bantry,51.6833,-9.45,51.28,95,100,21.99,IE,2021-10-30 21:09:02,moderate rain
237,Katobu,-4.9408,122.5276,74.43,94,79,1.72,ID,2021-10-30 21:09:03,broken clouds
238,Mtambile,-5.3833,39.7,77.43,80,44,9.28,TZ,2021-10-30 21:09:03,scattered clouds
239,Najran,17.4924,44.1277,65.86,49,28,3.62,SA,2021-10-30 21:09:03,scattered clouds
240,Czersk,53.7959,17.9765,48.54,57,36,12.15,PL,2021-10-30 21:09:04,scattered clouds
241,Marakkanam,12.2,79.95,79.72,86,100,9.08,IN,2021-10-30 21:09:04,moderate rain
242,Sao Joao Da Barra,-21.6403,-41.0511,71.69,89,100,12.08,BR,2021-10-30 21:09:05,overcast clouds
243,Norman Wells,65.282,-126.8329,19.44,93,90,4.61,CA,2021-10-30 21:00:24,fog
244,Upernavik,72.7868,-56.1549,27.01,57,100,6.51,GL,2021-10-30 20:58:37,overcast clouds
245,Broome,42.2506,-75.833,57.16,77,90,4.0,US,2021-10-30 21:09:05,overcast clouds
246,Kutum,14.2,24.6667,75.49,16,10,10.71,SD,2021-10-30 21:09:06,clear sky
247,Vangaindrano,-23.35,47.6,69.75,85,100,3.27,MG,2021-10-30 21:09:06,light rain
248,Clyde River,70.4692,-68.5914,30.43,97,100,13.53,CA,2021-10-30 21:09:06,snow
249,Anuradhapura,8.3565,80.4173,74.37,95,100,2.91,LK,2021-10-30 21:09:07,light rain
250,Bandarbeyla,9.4942,50.8122,78.42,79,80,12.59,SO,2021-10-30 21:09:07,light rain
251,Comodoro Rivadavia,-45.8667,-67.5,51.66,58,20,6.91,AR,2021-10-30 21:09:08,few clouds
252,Makambako,-8.8453,34.823,61.52,87,74,10.74,TZ,2021-10-30 21:09:08,broken clouds
253,Kupang,-10.1667,123.5833,79.45,82,100,4.59,ID,2021-10-30 21:09:08,overcast clouds
254,Norwich,52.6278,1.2983,49.93,86,74,1.99,GB,2021-10-30 21:09:09,broken clouds
255,Touros,-5.1989,-35.4608,81.5,77,66,18.03,BR,2021-10-30 21:09:09,broken clouds
256,Beyla,8.6833,-8.6333,70.41,86,91,1.07,GN,2021-10-30 21:09:10,overcast clouds
257,Menongue,-14.6585,17.691,69.89,69,92,6.76,AO,2021-10-30 21:09:10,light rain
258,Znamenka,52.4167,41.4311,41.77,87,12,7.02,RU,2021-10-30 21:09:10,few clouds
259,Rocha,-34.4833,-54.3333,70.21,80,100,9.53,UY,2021-10-30 21:07:26,overcast clouds
260,Rongcheng,30.634,117.8517,55.92,75,65,2.93,CN,2021-10-30 21:09:11,light rain
261,Manokwari,-0.8667,134.0833,78.37,73,77,3.24,ID,2021-10-30 21:09:11,broken clouds
262,Itarema,-2.9248,-39.9167,80.55,74,26,12.24,BR,2021-10-30 21:09:12,scattered clouds
263,Srednekolymsk,67.45,153.6833,-9.81,99,100,5.32,RU,2021-10-30 21:09:12,overcast clouds
264,Saint-Louis,16.3333,-15.0,87.91,33,85,14.83,SN,2021-10-30 21:09:13,overcast clouds
265,Turgoyak,55.15,60.1183,39.11,96,100,11.65,RU,2021-10-30 21:09:13,overcast clouds
266,Ostrovnoy,68.0531,39.5131,33.96,94,100,10.38,RU,2021-10-30 21:09:14,overcast clouds
267,Lucenec,48.3325,19.6671,45.61,65,4,3.53,SK,2021-10-30 21:09:14,clear sky
268,Guerrero Negro,27.9769,-114.0611,75.4,51,0,11.5,MX,2021-10-30 21:09:14,clear sky
269,Morgan City,29.6994,-91.2068,71.01,54,0,10.56,US,2021-10-30 21:09:15,clear sky
270,Asfi,32.2994,-9.2372,65.5,85,8,1.92,MA,2021-10-30 21:09:15,clear sky
271,Oistins,13.0667,-59.5333,82.49,69,40,13.8,BB,2021-10-30 21:08:34,scattered clouds
272,Tiksi,71.6872,128.8694,-0.63,95,96,8.37,RU,2021-10-30 21:09:16,overcast clouds
273,Viedma,-40.8135,-62.9967,55.17,60,87,26.28,AR,2021-10-30 21:09:16,overcast clouds
274,Lopatino,52.6195,45.8118,41.86,95,12,8.7,RU,2021-10-30 21:09:17,few clouds
275,Marzuq,14.4,46.4667,74.26,56,95,3.87,YE,2021-10-30 21:09:17,overcast clouds
276,Malakal,9.5334,31.6605,79.05,61,62,1.57,SS,2021-10-30 21:09:18,broken clouds
277,Morehead,37.2711,-87.1764,55.94,95,90,3.0,US,2021-10-30 21:09:18,overcast clouds
278,Pedasi,7.5333,-80.0333,79.34,82,99,10.27,PA,2021-10-30 21:09:18,overcast clouds
279,Alice Springs,-23.7,133.8833,62.15,67,90,0.0,AU,2021-10-30 21:09:19,overcast clouds
280,Lundazi,-12.2929,33.1782,71.49,24,10,6.91,ZM,2021-10-30 21:09:19,clear sky
281,Lufilufi,-13.8745,-171.5986,83.79,74,99,15.95,WS,2021-10-30 21:09:20,overcast clouds
282,Almunecar,36.7339,-3.6907,74.88,88,39,11.68,ES,2021-10-30 21:09:20,scattered clouds
283,Toamasina,-18.1667,49.3833,73.06,86,79,2.62,MG,2021-10-30 21:09:20,light rain
284,Linkou,45.3,130.2833,36.97,66,100,4.12,CN,2021-10-30 21:09:21,overcast clouds
285,Rottingdean,50.8098,-0.0594,54.82,86,64,18.79,GB,2021-10-30 21:09:21,broken clouds
286,Serang,-6.1149,106.1502,78.57,89,99,3.09,ID,2021-10-30 21:09:22,overcast clouds
287,Tura,25.5198,90.2201,63.68,66,0,3.31,IN,2021-10-30 21:08:32,clear sky
288,Talnakh,69.4865,88.3972,13.21,96,100,4.88,RU,2021-10-30 21:09:22,light snow
289,Oussouye,12.485,-16.5469,74.08,90,100,4.25,SN,2021-10-30 21:09:23,light rain
290,Datong,40.0936,113.2914,37.6,57,3,9.93,CN,2021-10-30 21:09:24,clear sky
291,Paamiut,61.994,-49.6678,32.23,78,100,13.82,GL,2021-10-30 21:09:24,overcast clouds
292,Constitucion,-35.3333,-72.4167,63.86,64,100,14.12,CL,2021-10-30 21:09:24,overcast clouds
293,Qinhuangdao,39.9317,119.5883,50.5,80,46,13.31,CN,2021-10-30 21:09:25,scattered clouds
294,Soyo,-6.1349,12.3689,77.63,85,93,10.83,AO,2021-10-30 21:09:25,overcast clouds
295,Mercedes,-34.6515,-59.4307,90.52,30,3,12.66,AR,2021-10-30 21:09:26,clear sky
296,Mangochi,-14.4782,35.2645,77.85,37,0,3.06,MW,2021-10-30 21:09:26,clear sky
297,Road Town,18.4167,-64.6167,84.24,61,20,6.91,VG,2021-10-30 21:09:26,few clouds
298,Ahar,38.4774,47.0699,45.55,91,92,2.19,IR,2021-10-30 21:09:27,overcast clouds
299,Sept-Iles,50.2001,-66.3821,46.06,88,43,1.01,CA,2021-10-30 21:09:27,scattered clouds
300,Athabasca,54.7169,-113.2854,40.26,33,0,14.92,CA,2021-10-30 21:04:38,clear sky
301,Kibondo,-3.5864,30.7203,65.43,65,78,2.98,TZ,2021-10-30 21:09:15,broken clouds
302,Yekaterinovka,52.0508,44.3451,40.8,87,7,8.1,RU,2021-10-30 21:09:28,clear sky
303,Hami,42.8,93.45,50.56,43,100,3.29,CN,2021-10-30 21:09:28,overcast clouds
304,Ballina,-28.8667,153.5667,61.79,97,93,23.78,AU,2021-10-30 21:07:12,overcast clouds
305,Namatanai,-3.6667,152.4333,81.7,77,94,7.07,PG,2021-10-30 21:09:29,overcast clouds
306,Buala,-8.145,159.5921,82.71,76,88,9.98,SB,2021-10-30 21:09:29,light rain
307,Mahon,39.8885,4.2658,70.36,94,75,5.75,ES,2021-10-30 21:09:29,broken clouds
308,Muscat,23.6139,58.5922,81.91,47,2,5.59,OM,2021-10-30 21:09:30,clear sky
309,Araguacu,-12.9306,-49.8264,87.03,45,82,4.5,BR,2021-10-30 21:09:30,moderate rain
310,Avera,33.194,-82.5271,61.72,67,100,14.56,US,2021-10-30 21:09:31,overcast clouds
311,Daniel Flores,9.3355,-83.6694,77.77,94,98,2.53,CR,2021-10-30 21:09:31,overcast clouds
312,Praia Da Vitoria,38.7333,-27.0667,70.75,88,100,12.64,PT,2021-10-30 21:09:32,overcast clouds
313,Anderson,34.5334,-82.6499,62.15,83,90,1.99,US,2021-10-30 21:09:32,light rain
314,Vila Franca Do Campo,37.7167,-25.4333,73.2,93,100,16.06,PT,2021-10-30 21:09:32,overcast clouds
315,Berlevag,70.8578,29.0864,38.89,72,97,4.36,NO,2021-10-30 21:09:33,overcast clouds
316,Shimoda,34.6667,138.95,58.1,74,100,8.19,JP,2021-10-30 21:09:34,overcast clouds
317,Katsuura,35.1333,140.3,58.1,69,100,4.16,JP,2021-10-30 21:09:34,overcast clouds
318,Garhakota,23.7667,79.15,62.71,52,3,3.29,IN,2021-10-30 21:09:35,clear sky
319,Koscian,52.0883,16.6487,56.32,54,3,13.73,PL,2021-10-30 21:09:35,clear sky
320,Pouembout,-21.1333,164.9,77.43,63,2,2.17,NC,2021-10-30 21:09:36,clear sky
321,Mehamn,71.0357,27.8492,38.7,76,92,6.33,NO,2021-10-30 21:09:37,overcast clouds
322,Kandrian,-6.2167,149.55,78.28,88,82,4.85,PG,2021-10-30 21:09:37,moderate rain
323,Hawick,55.4227,-2.7867,45.9,95,15,7.83,GB,2021-10-30 21:09:38,few clouds
324,Hendersonville,36.3048,-86.62,56.19,94,100,3.0,US,2021-10-30 21:09:38,overcast clouds
325,Mormugao,15.4,73.8,79.88,76,99,3.44,IN,2021-10-30 21:09:38,overcast clouds
326,Esna,25.2934,32.554,83.77,24,95,6.11,EG,2021-10-30 21:09:39,overcast clouds
327,Wakkanai,45.4094,141.6739,54.01,73,100,15.86,JP,2021-10-30 21:09:39,overcast clouds
328,Leningradskiy,69.3833,178.4167,-1.48,96,99,6.33,RU,2021-10-30 21:06:57,overcast clouds
329,Nantucket,41.2835,-70.0995,62.96,89,90,21.85,US,2021-10-30 21:09:40,overcast clouds
330,Ruangwa,-10.0667,38.9333,69.46,91,1,3.96,TZ,2021-10-30 21:09:41,clear sky
331,Mount Isa,-20.7333,139.5,74.97,25,40,12.66,AU,2021-10-30 21:09:41,scattered clouds
332,Nanortalik,60.1432,-45.2371,34.38,73,46,2.89,GL,2021-10-30 21:09:41,scattered clouds
333,Maracas,-13.4411,-40.4308,69.58,72,46,8.48,BR,2021-10-30 21:09:42,scattered clouds
334,Nsoko,-27.0333,31.95,64.58,69,100,3.44,SZ,2021-10-30 21:09:42,overcast clouds
335,Pyu,18.4833,96.4333,72.93,98,100,1.99,MM,2021-10-30 21:09:43,overcast clouds
336,Sabha,27.0377,14.4283,70.45,27,3,3.51,LY,2021-10-30 21:09:43,clear sky
337,Lukulu,-14.3707,23.242,76.26,50,45,1.59,ZM,2021-10-30 21:09:43,scattered clouds
338,Shenxian,36.2411,115.6672,56.48,76,100,3.24,CN,2021-10-30 21:09:44,overcast clouds
339,College Station,30.628,-96.3344,78.12,24,1,0.0,US,2021-10-30 21:08:03,clear sky
340,Kimberley,-28.7323,24.7623,65.21,36,0,7.56,ZA,2021-10-30 21:08:01,clear sky
341,Port Lincoln,-34.7333,135.8667,54.59,74,0,9.44,AU,2021-10-30 21:09:45,clear sky
342,Mehran,33.1222,46.1646,81.68,27,95,8.43,IR,2021-10-30 21:09:45,overcast clouds
343,Iranshahr,27.2025,60.6848,74.19,24,2,2.3,IR,2021-10-30 21:09:46,clear sky
344,Caxito,-8.5785,13.6643,76.8,83,95,4.7,AO,2021-10-30 21:09:46,overcast clouds
345,Aklavik,68.2191,-135.0107,17.6,86,40,3.44,CA,2021-10-30 21:09:46,scattered clouds
346,Ongandjera,-17.8833,15.0667,80.71,18,21,17.65,NA,2021-10-30 21:09:47,few clouds
347,Vostok,46.4856,135.8833,32.95,83,100,1.16,RU,2021-10-30 21:09:47,overcast clouds
348,Bernburg,51.8,11.7333,54.0,58,98,14.5,DE,2021-10-30 21:09:48,overcast clouds
349,Tautira,-17.7333,-149.15,82.42,76,41,16.62,PF,2021-10-30 21:09:48,light rain
350,Kollam,8.8833,76.6,78.67,90,100,5.1,IN,2021-10-30 21:09:48,light rain
351,Rosarito,32.3333,-117.0333,79.93,72,41,7.72,MX,2021-10-30 21:05:59,scattered clouds
352,Hay River,60.8156,-115.7999,34.07,63,16,10.56,CA,2021-10-30 21:09:49,few clouds
353,Princeton,25.5384,-80.4089,83.01,56,40,16.11,US,2021-10-30 21:06:00,scattered clouds
354,Abu Samrah,35.3029,37.1841,68.09,44,73,5.23,SY,2021-10-30 21:09:50,broken clouds
355,Pandan,14.0453,124.1694,79.72,75,100,13.8,PH,2021-10-30 21:09:50,overcast clouds
356,Suntar,62.1444,117.6319,26.64,86,100,8.43,RU,2021-10-30 21:09:51,overcast clouds
357,Bethalto,38.9092,-90.0407,62.94,81,75,3.0,US,2021-10-30 21:09:51,broken clouds
358,Husavik,66.0449,-17.3389,39.24,90,100,17.54,IS,2021-10-30 21:08:34,overcast clouds
359,Muros,42.7762,-9.0603,64.24,89,100,12.73,ES,2021-10-30 21:09:52,overcast clouds
360,Pori,61.4833,21.7833,48.27,87,90,4.61,FI,2021-10-30 21:09:52,overcast clouds
361,Northam,51.0333,-4.2167,55.02,92,45,12.08,GB,2021-10-30 21:09:53,scattered clouds
362,Ambunti,-4.2365,142.8448,74.7,98,98,0.94,PG,2021-10-30 21:09:53,overcast clouds
363,Karratha,-20.7377,116.8463,72.07,70,0,4.85,AU,2021-10-30 21:09:54,clear sky
364,Walvis Bay,-22.9575,14.5053,57.09,88,1,6.51,NA,2021-10-30 21:09:54,clear sky
365,Saint-Pierre,-21.3393,55.4781,71.24,78,0,6.91,RE,2021-10-30 21:09:55,clear sky
366,Biltine,14.5333,20.9167,84.43,15,87,7.2,TD,2021-10-30 21:09:56,overcast clouds
367,Kiruna,67.8557,20.2251,29.32,100,75,2.3,SE,2021-10-30 21:09:56,snow
368,Autun,46.95,4.3,57.9,98,92,3.76,FR,2021-10-30 21:09:57,overcast clouds
369,Semnan,35.5729,53.3971,57.63,59,34,4.56,IR,2021-10-30 21:09:58,scattered clouds
370,Geraldton,-28.7667,114.6,52.21,82,0,9.22,AU,2021-10-30 21:09:58,clear sky
371,Dunedin,-45.8742,170.5036,59.81,90,50,11.01,NZ,2021-10-30 21:09:24,scattered clouds
372,Polunochnoye,60.8697,60.4153,14.43,98,73,2.39,RU,2021-10-30 21:10:00,broken clouds
373,Ndola,-12.9587,28.6366,73.62,34,93,4.81,ZM,2021-10-30 21:10:01,overcast clouds
374,Dolores,-36.3132,-57.6792,76.24,65,0,10.85,AR,2021-10-30 21:06:38,clear sky
375,Aleksandrov Gay,50.147,48.5704,42.33,68,25,8.41,RU,2021-10-30 21:10:02,scattered clouds
376,Roma,43.2128,-75.4557,56.66,84,90,9.22,US,2021-10-30 21:10:03,overcast clouds
377,Portland,45.5234,-122.6762,63.23,40,20,5.99,US,2021-10-30 21:05:07,few clouds
378,Pahrump,36.2083,-115.9839,82.94,21,31,7.0,US,2021-10-30 21:10:04,scattered clouds
379,Murdochville,48.9583,-65.5006,41.47,60,69,3.11,CA,2021-10-30 21:10:05,broken clouds
380,Pakxan,18.3778,103.6601,70.38,95,44,3.06,LA,2021-10-30 21:10:05,scattered clouds
381,High Level,58.5169,-117.136,37.47,46,0,6.11,CA,2021-10-30 21:10:06,clear sky
382,Beira,-19.8436,34.8389,75.29,73,20,10.36,MZ,2021-10-30 21:08:33,few clouds
383,Sorong,-0.8833,131.25,78.04,86,46,5.7,ID,2021-10-30 21:10:07,scattered clouds
384,Hovd,48.0056,91.6419,34.48,50,98,5.55,MN,2021-10-30 21:10:07,overcast clouds
385,Kungurtug,50.5994,97.5228,26.83,71,45,2.62,RU,2021-10-30 21:10:08,scattered clouds
386,Mahibadhoo,3.7833,72.9667,82.47,72,74,13.49,MV,2021-10-30 21:10:08,broken clouds
387,Slyudyanka,51.6594,103.7061,34.79,74,84,4.68,RU,2021-10-30 21:10:08,broken clouds
388,Valentin Gomez Farias,28.2167,-106.5833,77.61,12,0,3.89,MX,2021-10-30 21:10:09,clear sky
389,Fuling,29.7022,107.3919,61.23,89,100,0.58,CN,2021-10-30 21:10:09,light rain
390,Klaksvik,62.2266,-6.589,47.32,91,100,12.46,FO,2021-10-30 21:10:10,overcast clouds
391,Gizo,-8.103,156.8419,83.25,74,67,6.85,SB,2021-10-30 21:10:10,broken clouds
392,Ust-Omchug,61.15,149.6333,0.63,97,100,7.4,RU,2021-10-30 21:10:11,overcast clouds
393,Pangody,65.85,74.4859,12.27,93,100,16.11,RU,2021-10-30 21:10:11,overcast clouds
394,Nueva Rosita,27.95,-101.2167,87.21,17,0,10.38,MX,2021-10-30 21:10:11,clear sky
395,Mosquera,4.7059,-74.2302,58.19,88,87,3.89,CO,2021-10-30 21:10:12,overcast clouds
396,Yeppoon,-23.1333,150.7333,74.98,74,23,3.42,AU,2021-10-30 21:10:12,few clouds
397,Haimen,23.1935,116.6142,71.19,80,87,12.84,CN,2021-10-30 21:10:13,light rain
398,Nouakchott,18.0858,-15.9785,78.73,64,100,5.61,MR,2021-10-30 21:10:13,overcast clouds
399,Bollnas,61.3482,16.3946,40.39,98,100,2.59,SE,2021-10-30 21:10:13,overcast clouds
400,Washougal,45.5826,-122.3534,63.09,39,20,17.0,US,2021-10-30 21:10:14,few clouds
401,Kota Bahru,6.1333,102.2386,74.5,91,98,4.38,MY,2021-10-30 21:10:11,overcast clouds
402,Nuuk,64.1835,-51.7216,34.41,86,75,32.21,GL,2021-10-30 21:10:14,broken clouds
403,Boende,-0.2167,20.8667,73.54,85,85,2.46,CD,2021-10-30 21:10:15,overcast clouds
404,Trat,12.5,102.5,82.98,94,100,2.82,TH,2021-10-30 21:00:29,overcast clouds
405,Kaeo,-35.1,173.7833,65.32,92,100,7.25,NZ,2021-10-30 21:10:15,light rain
406,Ahipara,-35.1667,173.1667,62.13,89,100,8.01,NZ,2021-10-30 21:08:06,overcast clouds
407,Qaqortoq,60.7167,-46.0333,30.7,72,77,4.45,GL,2021-10-30 21:10:16,broken clouds
408,Msanga,-6.05,36.0333,72.61,66,94,8.43,TZ,2021-10-30 21:10:16,overcast clouds
409,Ulaangom,49.9811,92.0667,32.58,71,100,2.06,MN,2021-10-30 21:10:17,overcast clouds
410,Aborlan,9.4352,118.5492,79.03,85,96,8.12,PH,2021-10-30 21:10:17,moderate rain
411,Cambridge,43.3601,-80.3127,49.37,96,90,8.05,CA,2021-10-30 21:09:30,mist
412,Doka,13.5167,35.7667,83.46,36,32,2.3,SD,2021-10-30 21:10:18,scattered clouds
413,Omboue,-1.5746,9.2618,76.75,91,100,6.02,GA,2021-10-30 21:10:18,moderate rain
414,Puerto Leguizamo,-0.1934,-74.7819,80.4,89,100,2.06,CO,2021-10-30 21:10:19,overcast clouds
415,Jibuti,11.5,42.5,69.22,68,58,11.74,DJ,2021-10-30 21:10:19,broken clouds
416,Lata,40.1629,-8.3327,67.93,98,100,3.51,PT,2021-10-30 21:07:55,light rain
417,Pombas,17.1503,-25.0201,76.78,82,97,12.82,CV,2021-10-30 21:10:20,overcast clouds
418,Aktash,50.3,87.7333,20.64,73,100,3.71,RU,2021-10-30 21:10:20,overcast clouds
419,Morristown,36.214,-83.2949,57.22,74,90,11.5,US,2021-10-30 21:05:44,overcast clouds
420,Makhinjauri,41.6739,41.694,49.86,93,0,6.91,GE,2021-10-30 21:10:21,clear sky
421,Leh,34.1667,77.5833,24.51,57,3,4.09,IN,2021-10-30 21:08:31,clear sky
422,Teahupoo,-17.8333,-149.2667,76.96,76,48,16.37,PF,2021-10-30 21:10:22,light rain
423,Riyadh,24.6877,46.7219,73.54,38,28,6.58,SA,2021-10-30 21:10:22,scattered clouds
424,Kingaroy,-26.5333,151.8333,66.58,48,17,8.61,AU,2021-10-30 21:10:22,few clouds
425,Guane,22.2025,-84.0875,81.01,50,11,13.35,CU,2021-10-30 21:10:23,few clouds
426,Honiara,-9.4333,159.95,82.56,77,70,6.13,SB,2021-10-30 21:10:23,broken clouds
427,Zhigansk,66.7697,123.3711,-0.08,94,100,18.43,RU,2021-10-30 21:10:24,overcast clouds
428,Burlington,39.8835,-74.6413,65.71,84,40,1.99,US,2021-10-30 21:06:34,scattered clouds
429,Svetlaya,46.5389,138.3297,45.19,80,99,17.65,RU,2021-10-30 21:10:24,overcast clouds
430,Santiago Del Estero,-27.7951,-64.2615,98.89,26,1,11.86,AR,2021-10-30 21:10:25,clear sky
431,Turtas,58.9417,69.1325,22.86,98,98,3.18,RU,2021-10-30 21:10:25,overcast clouds
432,Aykhal,66.0,111.5,16.11,97,100,6.87,RU,2021-10-30 21:10:25,overcast clouds
433,Mackay,-21.15,149.2,80.69,80,4,6.08,AU,2021-10-30 21:06:42,clear sky
434,Byron Bay,-28.65,153.6167,69.06,87,99,23.33,AU,2021-10-30 21:10:26,overcast clouds
435,Vanderhoof,54.0166,-124.0198,39.69,42,15,2.51,CA,2021-10-30 21:10:26,few clouds
436,Tshikapa,-6.4167,20.8,71.76,95,96,3.2,CD,2021-10-30 21:10:27,light rain
437,Tangerang,-6.1781,106.63,78.71,89,20,3.44,ID,2021-10-30 21:10:27,haze
438,Hit,33.6416,42.8251,79.43,39,100,11.56,IQ,2021-10-30 21:10:28,overcast clouds
439,Terre-De-Bas,15.8501,-61.6442,81.91,73,2,14.36,GP,2021-10-30 21:10:28,clear sky
440,Cururupu,-1.8283,-44.8683,77.36,83,28,3.71,BR,2021-10-30 21:10:29,scattered clouds
441,Izhma,65.0083,53.9113,20.35,95,100,3.96,RU,2021-10-30 21:10:29,overcast clouds
442,Lasa,46.6166,10.7002,47.14,83,100,2.55,IT,2021-10-30 21:10:29,overcast clouds
443,Half Moon Bay,37.4636,-122.4286,73.2,82,90,1.99,US,2021-10-30 21:09:14,overcast clouds
444,Iwanai,42.9744,140.5089,44.64,86,100,4.61,JP,2021-10-30 21:10:30,overcast clouds
445,Novyy Urengoy,66.0833,76.6333,8.89,92,98,14.2,RU,2021-10-30 21:10:31,overcast clouds
446,San Policarpo,12.1791,125.5072,81.45,76,100,18.1,PH,2021-10-30 21:10:31,overcast clouds
447,Kabanjahe,3.1001,98.4908,62.89,98,100,0.69,ID,2021-10-30 21:10:32,heavy intensity rain
448,Alegrete,-29.7831,-55.7919,80.28,65,74,12.08,BR,2021-10-30 21:10:32,broken clouds
449,Puerto Escondido,15.85,-97.0667,86.83,58,75,10.36,MX,2021-10-30 21:10:34,broken clouds
450,Taggia,43.8485,7.8545,62.42,69,100,10.78,IT,2021-10-30 21:10:34,overcast clouds
451,Kachug,53.9606,105.8817,27.57,77,94,2.64,RU,2021-10-30 21:10:35,overcast clouds
452,Kruisfontein,-34.0033,24.7314,54.88,92,1,2.59,ZA,2021-10-30 21:10:35,clear sky
453,Green River,41.5286,-109.4662,61.14,30,100,6.87,US,2021-10-30 21:10:36,overcast clouds
454,Mayumba,-3.432,10.6554,77.54,90,97,7.47,GA,2021-10-30 21:10:36,light rain
455,Kovdor,67.5662,30.4758,33.33,99,100,3.36,RU,2021-10-30 21:10:36,snow
456,Batticaloa,7.7102,81.6924,78.12,89,100,9.22,LK,2021-10-30 21:10:37,overcast clouds
457,Semey,50.4111,80.2275,36.37,58,88,9.06,KZ,2021-10-30 21:10:37,overcast clouds
458,Ouadda,8.0777,22.4007,70.16,66,80,0.6,CF,2021-10-30 21:10:38,broken clouds
459,Mazagao,-0.115,-51.2894,84.25,67,30,5.57,BR,2021-10-30 21:10:38,scattered clouds
460,Rincon,32.296,-81.2354,63.86,72,75,12.66,US,2021-10-30 21:10:38,broken clouds
461,Chara,56.9064,118.2631,18.73,62,99,0.51,RU,2021-10-30 21:10:39,overcast clouds
462,Ketchikan,55.3422,-131.6461,46.87,76,20,4.61,US,2021-10-30 21:10:39,few clouds
463,Ponca City,36.707,-97.0856,73.22,29,1,4.61,US,2021-10-30 21:09:38,clear sky
464,Ulaanbaatar,47.9077,106.8832,10.53,85,0,0.0,MN,2021-10-30 21:06:22,clear sky
465,Acapulco,16.8634,-99.8901,87.62,74,40,6.91,MX,2021-10-30 21:10:40,scattered clouds
466,Toba,34.4833,136.85,60.8,75,71,3.83,JP,2021-10-30 21:10:40,broken clouds
467,Ericeira,38.9627,-9.4156,70.79,98,100,24.11,PT,2021-10-30 21:10:41,overcast clouds
468,Mabai,23.0128,104.4508,56.46,99,100,2.37,CN,2021-10-30 21:10:41,overcast clouds
469,Olinda,-8.0089,-34.8553,80.33,61,40,9.22,BR,2021-10-30 21:08:48,scattered clouds
470,Vanimo,-2.6741,141.3028,77.77,89,95,4.34,PG,2021-10-30 21:08:11,overcast clouds
471,Houma,29.5958,-90.7195,70.0,59,20,9.22,US,2021-10-30 21:10:42,few clouds
472,Kamaishi,39.2667,141.8833,53.02,79,100,6.49,JP,2021-10-30 21:10:43,overcast clouds
473,Cayenne,4.9333,-52.3333,84.24,79,31,1.99,GF,2021-10-30 21:10:43,scattered clouds
474,Atagay,55.1033,99.3875,36.27,82,100,1.03,RU,2021-10-30 21:10:44,overcast clouds
475,San Jose,37.3394,-121.895,74.08,65,75,1.01,US,2021-10-30 21:10:39,broken clouds
476,Choix,26.7092,-108.3219,91.17,30,0,7.34,MX,2021-10-30 21:10:44,clear sky
477,Porbandar,21.6422,69.6093,77.23,37,15,6.46,IN,2021-10-30 21:10:46,few clouds
478,Khorramshahr,30.4397,48.1664,78.75,70,41,6.98,IR,2021-10-30 21:08:01,scattered clouds
479,Novikovo,51.1537,37.8879,42.57,82,0,3.83,RU,2021-10-30 21:10:47,clear sky
480,Sanghar,26.0466,68.9481,71.67,19,4,8.77,PK,2021-10-30 21:10:47,clear sky
481,Nenjiang,49.1833,125.2167,26.47,51,3,6.29,CN,2021-10-30 21:10:48,clear sky
482,Tessalit,20.1986,1.0114,86.23,13,84,9.28,ML,2021-10-30 21:10:48,broken clouds
483,Wewak,-3.5534,143.6268,80.26,83,53,3.22,PG,2021-10-30 21:10:49,broken clouds
484,Kotelnikovo,47.6317,43.1461,42.53,69,0,6.4,RU,2021-10-30 21:10:49,clear sky
485,Mana,5.6592,-53.7767,80.51,78,16,6.73,GF,2021-10-30 21:10:49,few clouds
486,Saint-Augustin,51.226,-58.6502,45.72,57,4,5.32,CA,2021-10-30 21:10:50,clear sky
487,Saldanha,-33.0117,17.9442,61.32,88,37,11.74,ZA,2021-10-30 21:10:50,scattered clouds
488,Korem,12.5058,39.5228,53.06,49,15,4.59,ET,2021-10-30 21:10:50,few clouds
489,Morondava,-20.2833,44.2833,75.99,69,67,8.25,MG,2021-10-30 21:10:51,broken clouds
490,Oranjemund,-28.55,16.4333,60.26,91,0,5.64,NA,2021-10-30 21:10:51,clear sky
491,Lompoc,34.6391,-120.4579,76.14,77,1,11.5,US,2021-10-30 21:10:52,clear sky
492,Presidencia Roque Saenz Pena,-26.7852,-60.4388,91.47,38,62,7.25,AR,2021-10-30 21:10:52,broken clouds
493,Orito,0.6766,-76.8771,81.99,74,81,1.59,CO,2021-10-30 21:10:52,broken clouds
494,Sao Felix Do Xingu,-6.6447,-51.995,86.77,50,98,1.95,BR,2021-10-30 21:06:52,overcast clouds
495,Marawi,7.9986,124.2928,66.65,96,29,0.78,PH,2021-10-30 21:10:53,scattered clouds
496,Bukachacha,52.9833,116.9167,19.36,49,19,1.92,RU,2021-10-30 21:10:53,few clouds
497,Grand Gaube,-20.0064,57.6608,70.38,84,6,1.99,MU,2021-10-30 21:07:32,clear sky
498,Kuala Terengganu,5.3302,103.1408,76.93,86,42,3.89,MY,2021-10-30 21:10:54,scattered clouds
499,Denpasar,-8.65,115.2167,76.71,94,75,1.14,ID,2021-10-30 21:06:55,broken clouds
500,Leshukonskoye,64.8989,45.7622,32.22,97,100,4.45,RU,2021-10-30 21:08:43,light snow
501,Deshnok,27.7986,73.3447,74.82,22,0,8.61,IN,2021-10-30 21:10:55,clear sky
502,Champerico,14.3,-91.9167,86.29,77,100,7.34,GT,2021-10-30 21:10:55,overcast clouds
503,Evensk,61.95,159.2333,8.69,74,96,11.16,RU,2021-10-30 21:10:56,overcast clouds
504,Tazmalt,36.3868,4.3989,68.2,39,91,4.94,DZ,2021-10-30 21:10:56,overcast clouds
505,Atambua,-9.1061,124.8925,75.58,82,60,1.72,ID,2021-10-30 21:09:09,broken clouds
506,Nouadhibou,20.931,-17.0347,68.31,83,2,18.5,MR,2021-10-30 21:10:57,clear sky
507,Concarneau,47.875,-3.9225,57.81,81,97,15.1,FR,2021-10-30 21:10:58,overcast clouds
508,Colquechaca,-18.6667,-66.0167,43.95,56,60,10.49,BO,2021-10-30 21:10:58,broken clouds
509,Montrose,38.4166,-108.2673,54.81,24,7,2.68,US,2021-10-30 21:10:59,clear sky
510,Kodinar,20.7903,70.7031,75.27,44,93,9.37,IN,2021-10-30 21:10:59,overcast clouds
511,Ipixuna,-1.7625,-48.8043,80.55,76,90,5.97,BR,2021-10-30 21:10:59,overcast clouds
512,La Palma,33.8464,-118.0467,86.41,67,75,4.0,US,2021-10-30 21:11:00,broken clouds
513,Valleyview,55.0667,-117.2859,39.51,33,0,7.09,CA,2021-10-30 21:11:00,clear sky
514,La Union,-5.4,-80.75,76.91,51,9,16.08,PE,2021-10-30 21:11:01,clear sky
515,Novaya Lyalya,59.055,60.599,22.06,97,98,2.75,RU,2021-10-30 21:11:01,overcast clouds
516,Meulaboh,4.1363,96.1285,75.47,88,100,4.41,ID,2021-10-30 21:11:02,moderate rain
517,Frankenberg,51.0667,8.8,52.47,95,100,6.82,DE,2021-10-30 21:11:02,overcast clouds
518,Morro Bay,35.3658,-120.8499,77.0,69,100,5.99,US,2021-10-30 21:11:03,overcast clouds
519,Ornskoldsvik,63.2909,18.7153,43.75,100,90,6.91,SE,2021-10-30 21:11:03,fog
520,Thai Binh,20.45,106.3333,68.0,91,100,6.98,VN,2021-10-30 21:11:03,overcast clouds
521,Tual,-5.6667,132.75,83.16,72,68,5.7,ID,2021-10-30 21:08:29,broken clouds
522,Kavaratti,10.5669,72.642,81.77,72,77,0.83,IN,2021-10-30 21:11:04,broken clouds
523,Bubaque,11.2833,-15.8333,78.98,79,100,5.19,GW,2021-10-30 21:09:55,light rain
524,Kibala,9.1104,18.3463,78.76,51,100,1.21,TD,2021-10-30 21:11:05,overcast clouds
525,Nakhon Thai,17.1006,100.8374,72.52,96,70,2.71,TH,2021-10-30 21:11:05,broken clouds
526,South Yuba City,39.1166,-121.6391,74.05,68,75,10.36,US,2021-10-30 21:11:05,haze
527,Ossora,59.2353,163.0719,17.11,92,95,6.53,RU,2021-10-30 21:11:06,overcast clouds
528,Margate,51.3813,1.3862,52.3,82,75,14.09,GB,2021-10-30 21:11:06,broken clouds
529,Buba,11.5833,-15.0,74.03,92,100,3.96,GW,2021-10-30 21:11:07,overcast clouds
530,Gigmoto,13.7796,124.39,79.45,74,99,12.15,PH,2021-10-30 21:11:07,overcast clouds
531,Banjar,-8.19,114.9675,76.91,89,100,2.42,ID,2021-10-30 21:11:07,overcast clouds
532,Viseu,40.661,-7.9097,59.86,97,100,3.13,PT,2021-10-30 21:11:08,overcast clouds
533,Dalian,38.9122,121.6022,49.93,100,30,2.24,CN,2021-10-30 21:11:08,mist
534,Kyshtovka,56.555,76.6271,27.57,52,100,9.19,RU,2021-10-30 21:11:09,overcast clouds
535,Qiqihar,47.3408,123.9672,28.47,46,98,13.0,CN,2021-10-30 21:11:09,overcast clouds
536,Akyab,20.15,92.9,78.03,81,60,4.25,MM,2021-10-30 21:11:10,broken clouds
537,Laela,-8.5667,32.05,70.5,48,63,1.92,TZ,2021-10-30 21:11:10,broken clouds
538,Harnosand,62.6323,17.9379,43.0,87,100,5.91,SE,2021-10-30 21:11:10,overcast clouds
539,Helmbrechts,50.2356,11.7159,48.67,82,40,5.99,DE,2021-10-30 21:11:11,scattered clouds
540,Cayon,17.35,-62.7333,81.93,73,4,12.71,KN,2021-10-30 21:11:12,clear sky
541,Berdigestyakh,62.0989,126.6992,2.98,98,71,5.12,RU,2021-10-30 21:11:12,broken clouds
542,Arnedo,42.2167,-2.1,59.16,79,100,2.73,ES,2021-10-30 21:11:13,overcast clouds
543,Usogorsk,63.4106,48.6872,30.61,96,100,3.71,RU,2021-10-30 21:11:13,overcast clouds
544,Ust-Maya,60.4167,134.5333,-6.83,100,63,0.87,RU,2021-10-30 21:11:14,broken clouds
545,Pangai,-19.8,-174.35,76.82,70,54,17.65,TO,2021-10-30 21:07:19,broken clouds
546,Amuntai,-2.4177,115.2494,71.73,98,84,1.88,ID,2021-10-30 21:11:14,broken clouds
547,Progreso,21.2833,-89.6667,83.1,53,15,11.3,MX,2021-10-30 21:11:15,few clouds
548,Harindanga,22.0383,88.3214,75.18,69,100,4.41,IN,2021-10-30 21:11:15,overcast clouds
549,Mapiripan,2.8892,-72.1256,79.43,81,94,2.57,CO,2021-10-30 21:11:16,overcast clouds
550,Mathathane,-22.2687,28.7495,85.05,26,58,1.54,BW,2021-10-30 21:11:16,broken clouds
551,Tilichiki,60.4667,166.1,2.66,93,16,8.43,RU,2021-10-30 21:11:16,few clouds
552,Bousse,12.6606,-1.8922,88.52,24,27,6.64,BF,2021-10-30 21:11:17,scattered clouds
553,Naryan-Mar,67.6713,53.087,17.49,91,100,12.57,RU,2021-10-30 21:11:18,overcast clouds
554,Kikwit,-5.041,18.8162,72.14,94,91,0.2,CD,2021-10-30 21:11:18,light rain
555,Tevriz,57.509,72.4042,25.03,95,100,3.58,RU,2021-10-30 21:11:19,light snow
556,Abu Dhabi,24.4667,54.3667,82.42,69,0,2.3,AE,2021-10-30 21:06:59,clear sky
557,Maniitsoq,65.4167,-52.9,35.92,93,100,28.68,GL,2021-10-30 21:11:20,light rain
558,Owando,-0.4819,15.8999,74.88,83,82,1.1,CG,2021-10-30 21:11:20,broken clouds
559,Cenei,45.7158,20.9039,47.1,62,0,11.12,RO,2021-10-30 21:11:21,clear sky
560,Neryungri,56.6709,124.6491,3.94,93,70,2.42,RU,2021-10-30 21:11:21,broken clouds
561,Mrkonjic Grad,44.4158,17.0861,30.36,73,0,4.83,BA,2021-10-30 21:11:22,clear sky
562,Dehloran,32.6941,47.2679,80.76,27,100,7.7,IR,2021-10-30 21:07:16,overcast clouds
563,Nha Trang,12.25,109.1833,77.0,90,97,4.88,VN,2021-10-30 21:11:22,heavy intensity rain
564,Baiao,-2.7906,-49.6717,84.51,60,61,2.82,BR,2021-10-30 21:11:23,broken clouds
565,Necochea,-38.5473,-58.7368,56.03,77,100,18.86,AR,2021-10-30 21:11:23,overcast clouds
566,Inhambane,-23.865,35.3833,71.04,73,0,9.28,MZ,2021-10-30 21:10:58,clear sky
567,Aswan,24.0934,32.907,85.23,27,81,5.61,EG,2021-10-30 21:11:24,broken clouds
568,Tsogni,-2.7942,10.0988,76.01,92,99,6.91,GA,2021-10-30 21:11:24,light rain
569,Mecca,21.4267,39.8261,81.1,59,0,1.28,SA,2021-10-30 21:11:24,clear sky
570,Beni,0.5,29.4667,63.64,99,100,2.35,CD,2021-10-30 21:11:25,light rain
571,Manaure,11.7751,-72.4445,83.44,71,94,13.76,CO,2021-10-30 21:11:25,overcast clouds
572,Altamira,-3.2033,-52.2064,81.91,63,46,0.98,BR,2021-10-30 21:09:31,scattered clouds
573,Kangaatsiaq,68.3065,-53.4641,32.77,98,100,28.74,GL,2021-10-30 21:11:26,snow
574,Lae,-6.7221,146.9847,78.19,76,88,5.5,PG,2021-10-30 21:11:26,overcast clouds
575,Jacqueville,5.2052,-4.4146,80.51,83,60,10.8,CI,2021-10-30 21:11:17,broken clouds
576,Plouzane,48.3833,-4.6167,55.49,88,90,12.66,FR,2021-10-30 21:11:27,overcast clouds
577,Homer,59.6425,-151.5483,46.27,87,90,23.02,US,2021-10-30 21:10:54,moderate rain
578,Santa Isabel Do Rio Negro,-0.4139,-65.0192,85.87,66,89,1.07,BR,2021-10-30 21:11:14,overcast clouds
579,Hudiksvall,61.729,17.1036,40.51,92,100,2.64,SE,2021-10-30 21:11:27,overcast clouds
580,Ewa Beach,21.3156,-158.0072,85.37,56,40,8.01,US,2021-10-30 21:07:49,scattered clouds
581,Kampong Thum,12.7111,104.8887,73.69,96,79,4.38,KH,2021-10-30 21:11:29,broken clouds
582,Puerto Ayacucho,5.6639,-67.6236,83.1,79,86,3.91,VE,2021-10-30 21:11:29,overcast clouds
583,Plonsk,52.6235,20.3755,57.04,64,0,9.4,PL,2021-10-30 21:11:29,clear sky
584,General Higinio Morinigo,-25.95,-55.9167,71.13,95,100,2.95,PY,2021-10-30 21:11:30,overcast clouds
585,Micheweni,-4.9667,39.8333,77.67,80,15,8.3,TZ,2021-10-30 21:11:31,few clouds
586,Clovis,36.8252,-119.7029,80.85,66,90,3.0,US,2021-10-30 21:11:31,haze
587,Gat,31.61,34.7642,72.39,61,57,2.95,IL,2021-10-30 21:11:32,broken clouds
588,Zangakatun,39.8212,45.0406,38.59,79,100,3.4,AM,2021-10-30 21:11:32,overcast clouds
589,Grootfontein,-19.5667,18.1167,78.69,31,54,5.23,NA,2021-10-30 21:11:33,broken clouds
590,Say,13.1007,2.3689,85.8,17,4,2.68,NE,2021-10-30 21:11:33,clear sky
591,Baiyin,36.5583,104.2081,41.36,40,82,0.54,CN,2021-10-30 21:11:33,broken clouds
592,Onokhoy,51.932,108.0747,13.75,59,74,3.56,RU,2021-10-30 21:11:34,broken clouds
593,Astana,51.1801,71.446,37.35,87,75,22.37,KZ,2021-10-30 21:11:34,broken clouds
594,Aljezur,37.3191,-8.8033,68.95,95,99,16.71,PT,2021-10-30 21:11:35,overcast clouds
595,Bilma,18.6853,12.9164,83.19,22,27,19.71,NE,2021-10-30 21:11:35,scattered clouds
596,Tiverton,50.9,-3.4833,53.19,92,43,6.55,GB,2021-10-30 21:11:36,scattered clouds
597,Wajir,1.7471,40.0573,83.82,53,54,14.85,KE,2021-10-30 21:11:36,broken clouds
598,Middle Island,40.8843,-72.9373,61.18,94,75,0.0,US,2021-10-30 21:11:37,broken clouds
599,Udachnyy,66.4167,112.4,19.29,94,100,12.08,RU,2021-10-30 21:11:37,light snow
600,Pak Phanang,8.3511,100.202,78.66,82,100,2.26,TH,2021-10-30 21:09:10,heavy intensity rain
601,Gandorhun,7.5,-11.8333,72.54,98,99,2.08,SL,2021-10-30 21:11:38,moderate rain
602,Moba,33.2288,105.0179,44.17,89,100,4.56,CN,2021-10-30 21:11:38,moderate rain
603,Khandyga,62.6667,135.6,-8.27,100,100,1.03,RU,2021-10-30 21:11:38,overcast clouds
604,Urumqi,43.801,87.6005,41.95,65,0,2.24,CN,2021-10-30 21:11:39,clear sky
605,Mazatlan,23.2167,-106.4167,87.03,81,1,4.0,MX,2021-10-30 21:11:24,clear sky
606,Marataizes,-21.0433,-40.8244,71.55,91,100,9.26,BR,2021-10-30 21:11:19,overcast clouds
607,Broken Hill,-31.95,141.4333,54.19,33,99,10.07,AU,2021-10-30 21:11:40,overcast clouds
608,Chauk,20.8833,94.8167,75.96,91,8,5.73,MM,2021-10-30 21:11:41,clear sky
609,Maceio,-9.6658,-35.7353,80.04,78,0,9.22,BR,2021-10-30 21:11:41,clear sky
610,Jining,35.405,116.5814,56.86,63,54,4.61,CN,2021-10-30 21:11:42,light rain
611,Alofi,-19.0595,-169.9187,76.44,74,100,16.11,NU,2021-10-30 21:11:42,light rain
612,Kawalu,-7.3817,108.2082,71.91,96,100,0.78,ID,2021-10-30 21:11:42,overcast clouds
613,Ravar,31.2656,56.8055,62.83,24,0,3.2,IR,2021-10-30 21:11:43,clear sky
614,Havoysund,70.9963,24.6622,34.68,66,100,8.39,NO,2021-10-30 21:11:43,overcast clouds
615,Yantal,56.8471,105.2542,33.98,91,100,7.4,RU,2021-10-30 21:11:44,light rain
616,Zhmerynka,49.037,28.112,43.09,71,0,11.5,UA,2021-10-30 21:11:44,clear sky
617,Solano,38.2333,-121.9511,72.1,80,90,14.97,US,2021-10-30 21:11:44,overcast clouds
618,Clinton,42.587,-82.9199,52.95,92,90,1.01,US,2021-10-30 21:09:04,overcast clouds
619,Mikuni,36.2171,136.1519,59.94,69,100,5.1,JP,2021-10-30 21:11:45,overcast clouds
620,Westport,41.1415,-73.3579,62.06,92,90,7.0,US,2021-10-30 21:11:00,overcast clouds
621,Kolyvan,55.3053,82.7391,23.05,50,100,8.72,RU,2021-10-30 21:11:46,overcast clouds
622,Khoy,38.5504,44.9535,50.5,70,99,1.66,IR,2021-10-30 21:11:46,overcast clouds
623,Huarmey,-10.0681,-78.1522,68.34,74,51,9.06,PE,2021-10-30 21:11:46,broken clouds
624,Centralia,46.7162,-122.9543,57.69,62,1,13.8,US,2021-10-30 21:11:47,clear sky
625,Kaa-Khem,51.6833,94.7333,34.52,68,100,2.77,RU,2021-10-30 21:11:47,overcast clouds
626,Inirida,3.8653,-67.9239,77.83,94,88,3.83,CO,2021-10-30 21:11:49,overcast clouds
627,Kamyzyak,46.11,48.0736,39.18,81,0,2.24,RU,2021-10-30 21:11:49,clear sky
628,Doha,25.2867,51.5333,80.58,76,0,2.3,QA,2021-10-30 21:11:50,clear sky
629,Kulhudhuffushi,6.6221,73.07,80.04,81,93,7.63,MV,2021-10-30 21:11:50,overcast clouds
630,Biggar,55.6167,-3.5167,45.12,94,34,7.43,GB,2021-10-30 21:11:50,scattered clouds
631,Vilyuysk,63.7553,121.6247,13.64,83,100,9.98,RU,2021-10-30 21:11:51,overcast clouds
632,El Seibo,18.7641,-69.0375,85.53,73,39,5.77,DO,2021-10-30 21:11:51,scattered clouds
633,Shelburne,44.0787,-80.2041,45.84,100,100,8.46,CA,2021-10-30 21:11:51,overcast clouds
634,Donskoye,45.4552,41.9741,44.73,74,0,12.1,RU,2021-10-30 21:11:53,clear sky
635,Mbini,1.574,9.6134,78.06,86,99,5.21,GQ,2021-10-30 21:11:54,light rain
636,Canakkale,40.0833,26.8333,52.41,79,84,9.8,TR,2021-10-30 21:11:54,broken clouds
637,Anadyr,64.75,177.4833,1.0,84,100,17.0,RU,2021-10-30 21:11:55,overcast clouds
638,Corn Island,12.1694,-83.0418,82.54,77,98,20.49,NI,2021-10-30 21:11:55,overcast clouds
639,Zykovo,55.9519,93.1461,25.54,62,91,6.46,RU,2021-10-30 21:11:55,overcast clouds
640,Moroni,-11.7022,43.2551,76.06,79,3,3.38,KM,2021-10-30 21:11:56,clear sky
641,Queanbeyan,-35.35,149.2333,51.3,78,1,2.3,AU,2021-10-30 21:11:56,clear sky
642,Snezhnogorsk,69.1933,33.2531,22.78,91,100,3.38,RU,2021-10-30 21:11:57,overcast clouds
643,Asau,46.4333,26.4,40.95,95,0,1.25,RO,2021-10-30 21:11:57,clear sky
644,Waipawa,-41.4122,175.5153,61.45,51,9,14.65,NZ,2021-10-30 21:11:58,clear sky
645,Solnechnyy,50.7214,136.6319,25.38,79,83,6.55,RU,2021-10-30 21:11:58,broken clouds
646,Sarankhola,22.3082,89.7897,70.45,80,95,5.21,BD,2021-10-30 21:11:59,overcast clouds
647,North Bend,43.4065,-124.2243,61.92,94,90,6.91,US,2021-10-30 21:11:59,overcast clouds
648,Hobyo,5.3505,48.5268,80.31,69,7,14.7,SO,2021-10-30 21:11:59,clear sky
649,Moscow,55.7522,37.6156,45.37,84,15,9.51,RU,2021-10-30 21:11:25,few clouds
650,Vardo,70.3705,31.1107,38.75,74,94,7.7,NO,2021-10-30 21:12:00,overcast clouds
651,Ust-Uda,54.1742,103.0304,30.49,87,85,3.74,RU,2021-10-30 21:12:01,overcast clouds
652,Puerto Palomas,31.7667,-107.6167,83.53,15,0,11.59,MX,2021-10-30 21:12:01,clear sky
653,Ust-Barguzin,53.45,108.9833,27.09,64,99,5.06,RU,2021-10-30 21:12:02,overcast clouds
654,Ripoll,42.2006,2.1903,60.13,85,98,2.46,ES,2021-10-30 21:12:03,overcast clouds
655,Abha,18.2164,42.5053,59.25,44,0,11.5,SA,2021-10-30 21:12:03,clear sky
656,Iralaya,15.0,-83.2333,82.49,84,100,15.66,HN,2021-10-30 21:12:03,overcast clouds
657,Andros Town,24.7,-77.7667,80.56,58,84,18.43,BS,2021-10-30 21:12:04,broken clouds
658,Shingu,33.7333,135.9833,60.06,81,82,5.82,JP,2021-10-30 21:12:04,light rain
659,Vao,-22.6667,167.4833,70.9,74,2,5.61,NC,2021-10-30 21:12:04,clear sky
660,Almora,29.6167,79.6667,47.43,78,0,1.45,IN,2021-10-30 21:12:05,clear sky
661,Daru,-9.0763,143.2092,80.08,85,96,8.41,PG,2021-10-30 21:12:05,overcast clouds
662,Wanaka,-44.7,169.15,47.34,88,83,7.29,NZ,2021-10-30 21:12:06,moderate rain
663,Santa Rosa,14.3122,121.1114,80.85,74,66,12.53,PH,2021-10-30 21:09:09,broken clouds
664,Gari,59.4307,62.3497,18.1,97,44,5.88,RU,2021-10-30 21:12:06,scattered clouds
665,Cam Ranh,11.9214,109.1591,76.96,94,75,4.61,VN,2021-10-30 21:12:07,thunderstorm with light rain
666,Mucurapo,10.6667,-61.5333,84.25,83,67,9.6,TT,2021-10-30 21:12:07,broken clouds
667,Yerbogachen,61.2767,108.0108,33.21,85,100,13.76,RU,2021-10-30 21:12:08,overcast clouds
668,Zhezkazgan,47.8043,67.7144,43.0,66,100,14.18,KZ,2021-10-30 21:12:08,overcast clouds
669,Florence,43.7667,11.25,62.24,80,0,1.14,IT,2021-10-30 21:07:51,clear sky
670,Zheleznodorozhnyy,55.7503,38.0042,45.36,83,16,8.43,RU,2021-10-30 21:12:09,few clouds
671,Bikaner,28.0167,73.3,75.65,21,0,7.94,IN,2021-10-30 21:12:09,clear sky
672,Bani Walid,31.7566,13.9942,70.12,52,79,6.85,LY,2021-10-30 21:12:10,broken clouds
673,Kudat,6.8837,116.8477,79.07,87,86,5.75,MY,2021-10-30 21:12:10,overcast clouds
674,Cedar City,37.6775,-113.0619,67.17,30,1,17.27,US,2021-10-30 21:12:03,clear sky
675,Ponta Delgada,37.7333,-25.6667,73.51,94,75,13.8,PT,2021-10-30 21:12:11,broken clouds
676,Neiafu,-18.65,-173.9833,79.48,73,40,11.5,TO,2021-10-30 21:12:11,scattered clouds
677,Vacha,55.8008,42.7706,44.76,95,72,8.61,RU,2021-10-30 21:12:12,broken clouds
678,Huntingdon,52.3305,-0.1865,48.18,87,43,3.0,GB,2021-10-30 21:12:12,scattered clouds
679,Cache Creek,50.8101,-121.3246,43.92,32,0,2.35,CA,2021-10-30 21:12:12,clear sky
680,Tebingtinggi,3.3285,99.1625,73.04,99,100,4.23,ID,2021-10-30 21:12:13,heavy intensity rain
681,Whitehorse,60.7161,-135.0538,37.09,69,100,15.99,CA,2021-10-30 21:12:13,overcast clouds
682,Priyutnoye,46.1011,43.5072,43.57,74,0,7.92,RU,2021-10-30 21:12:14,clear sky
683,Riacho De Santana,-13.6092,-42.9389,84.96,36,56,11.21,BR,2021-10-30 21:12:15,broken clouds
684,Yulara,-25.2406,130.9889,57.04,94,100,8.05,AU,2021-10-30 21:12:15,overcast clouds
685,Talcahuano,-36.7167,-73.1167,64.08,63,0,11.5,CL,2021-10-30 21:12:16,clear sky
686,Shuyskoye,59.3736,41.0305,41.45,94,85,4.94,RU,2021-10-30 21:12:16,overcast clouds
687,Bereda,43.2686,-7.5406,61.0,91,95,5.86,ES,2021-10-30 21:12:17,overcast clouds
688,Kentau,43.5206,68.5094,46.04,57,100,1.41,KZ,2021-10-30 21:12:18,overcast clouds
689,Banda Aceh,5.5577,95.3222,78.1,83,98,6.29,ID,2021-10-30 21:12:18,overcast clouds
690,Narsaq,60.9167,-46.05,30.42,68,92,4.85,GL,2021-10-30 21:12:19,overcast clouds
